"","No_attempt_att","Yes_attempt_att","No_attempt_abs","Yes_attempt_abs","att_No_attempt_perc","abs_No_attempt_perc","Assessment","Year","p","FDR"
"1",11,202,5,49,5.16431924882629,9.25925925925926,"MCQ_C","2024","0.330884035655817",0.330884035655817
"2",4,227,4,39,1.73160173160173,9.30232558139535,"MCQ_C","2023","0.0230554401609027",0.034583160241354
"3",0,232,4,61,0,6.15384615384615,"MCQ_C","2022","0.00213112077518857",0.00639336232556571
