"","Year","test","wilcox_p","wilcox_FDR"
"1","2024","MCQC","0.80709472741622",1
"2","2023","MCQC","0.00814153692283261",0.0651322953826609
"3","2022","MCQC","0.115334717158944",0.807343020112608
"4","2024","rMCQ_exam","0.00624855786476063",0.0562370207828457
"5","2023","rMCQ_exam","0.823700399464037",1
"6","2022","rMCQ_exam","0.944389273799173",1
"7","2024","rMCQ_MCQAB","0.397255412148982",1
"8","2023","rMCQ_MCQAB","0.796555612106826",1
"9","2022","rMCQ_MCQAB","0.517541435890869",1
